john,smith,john@email.com
jane,smith,jane@email.com
iain,johnston,iain@email.com
test,person,test@email.com
test2,person2,test2@email.com
test3,person3,test3@email.com
test4,person4,test4@email.com
test5,person5,test5@email.com
test6,person6,test6@email.com
test7,person7,test7@email.com
test8,person8,test8@email.com
test9,person9,test9@email.com
test10,person10,test10@email.com
test11,person11,test11@email.com
test12,person12,test12@email.com
David,Smith,david@email.com
regex,regetest,David@email.com
long,email,heresfsdgfsdfsdfsdfsdfsdfsd@fsd.com
la,asd,asdasd@dfsa.vp
quit,test,quit@email.com
main,page,tes@email.com
dfsf,sdfsdf,dfsd@sdsf.df
fdsg,sdf,fsdf@sd.cs
ds,sd,sdsds@dd.cs
dfs,sdfsdf,df@df.vd
dfdf,dfsdf,sfd@fg.vp
df,sdf,sdfgdfh@fg.fg
fdgdfgdf,gdfgfdg,fg@dfg.cf
sda,dsfsd,fsd@Sdf.vd
fg,fgf,gfd@Dfg.poc
fg,dfg,dfg@Df.gfg
df,fdgdf,dfg@DFg.vf
fdg,dfg,dfg@fg.vf
a,b,a@ds.com
a,s,asd@as.cs
fg,fg,fg@Fg.fg
dfdf,df,df@sdfdf.df
df,df,dfdsfd@f.ff
df,df,dfS@Df.vd
dfdf,df,df@Dfvd.cd
fgffg,fg,fgf@Dfg.vf
dfsg,dfgd,dfg@gf.vf
dfd,sdf,dsf@dd.vd
sdf,sf,sdf@sdf.sd
sdf,df,sdf@dsf.vd
fg,fg,fg@Fg.vf
frgdf,dfgdf,dfg@fg.bf
a,a,bv@f.cd
sd,sdf,sdf@sd.dcd
Pboddy,Portal,pboddy@aperturescience.comDavid,Smith,David@email.com
David,Smith,David@email.com
